{
    "match_id": "NA1_4261298507",
    "timeline": [
        [
            554,
            581,
            500,
            0,
            0,
            557,
            345,
            500,
            0,
            0,
            335,
            269,
            500,
            0,
            0,
            194,
            457,
            500,
            0,
            0,
            329,
            650,
            500,
            0,
            0,
            14180,
            14271,
            500,
            0,
            0,
            14176,
            14506,
            500,
            0,
            0,
            14398,
            14582,
            500,
            0,
            0,
            14539,
            14394,
            500,
            0,
            0,
            14404,
            14201,
            500,
            0,
            0
        ],
        [
            394,
            462,
            500,
            0,
            0,
            5093,
            8567,
            500,
            0,
            0,
            5901,
            7252,
            500,
            0,
            0,
            10371,
            3047,
            500,
            0,
            0,
            10452,
            3019,
            500,
            0,
            0,
            3010,
            10946,
            500,
            0,
            0,
            11362,
            6717,
            500,
            0,
            0,
            9888,
            6411,
            500,
            0,
            0,
            11931,
            7007,
            500,
            0,
            0,
            10463,
            7445,
            500,
            0,
            0
        ],
        [
            394,
            462,
            521,
            0,
            0,
            7178,
            5152,
            674,
            425,
            0,
            7150,
            7481,
            591,
            240,
            248,
            12106,
            2006,
            584,
            113,
            0,
            12921,
            1885,
            523,
            113,
            0,
            2276,
            13474,
            584,
            181,
            0,
            11701,
            7642,
            711,
            515,
            0,
            7947,
            7713,
            612,
            240,
            157,
            12773,
            2744,
            598,
            131,
            0,
            12804,
            3068,
            544,
            131,
            0
        ],
        [
            394,
            462,
            643,
            0,
            0,
            2719,
            8231,
            1023,
            790,
            0,
            7418,
            7031,
            920,
            845,
            580,
            10849,
            1597,
            920,
            508,
            0,
            11005,
            1779,
            759,
            508,
            0,
            2385,
            12476,
            930,
            752,
            0,
            6522,
            12262,
            1113,
            985,
            0,
            8125,
            7876,
            941,
            815,
            457,
            11922,
            2021,
            948,
            545,
            121,
            12138,
            1441,
            759,
            545,
            32
        ],
        [
            394,
            462,
            672,
            0,
            0,
            2762,
            7959,
            1052,
            790,
            0,
            7514,
            7844,
            984,
            965,
            666,
            10383,
            1738,
            1363,
            565,
            392,
            10947,
            1721,
            973,
            565,
            204,
            2001,
            11978,
            1068,
            965,
            0,
            6337,
            12241,
            1214,
            1124,
            0,
            7585,
            8017,
            970,
            815,
            651,
            11649,
            1987,
            991,
            564,
            181,
            12032,
            2207,
            791,
            564,
            246
        ]
    ],
    "name": [
        "im just Crazy",
        "Big Meattttyyy",
        "KronoNohno",
        "AFK Baiter",
        "Phizical SiN",
        "BDthanksforaskin",
        "Prehenderat",
        "Zirconion",
        "Obaid",
        "innervation"
    ],
    "champion_id": [
        79,
        48,
        104,
        360,
        89,
        126,
        77,
        147,
        523,
        888
    ],
    "elo": [
        2019,
        2006,
        2055,
        2076,
        1994,
        2019,
        1894,
        2058,
        2070,
        2005
    ]
}