{
    "match_id": "NA1_4258243970",
    "timeline": [
        [
            554,
            581,
            500,
            0,
            0,
            557,
            345,
            500,
            0,
            0,
            335,
            269,
            500,
            0,
            0,
            194,
            457,
            500,
            0,
            0,
            329,
            650,
            500,
            0,
            0,
            14180,
            14271,
            500,
            0,
            0,
            14176,
            14506,
            500,
            0,
            0,
            14398,
            14582,
            500,
            0,
            0,
            14539,
            14394,
            500,
            0,
            0,
            14404,
            14201,
            500,
            0,
            0
        ],
        [
            2237,
            13451,
            500,
            0,
            0,
            6759,
            6739,
            500,
            0,
            0,
            8964,
            4171,
            500,
            0,
            0,
            9722,
            3058,
            500,
            0,
            0,
            9872,
            2512,
            500,
            0,
            0,
            6674,
            11442,
            500,
            0,
            0,
            14340,
            14390,
            500,
            0,
            0,
            12914,
            12272,
            500,
            0,
            0,
            11510,
            5752,
            510,
            23,
            0,
            11961,
            5369,
            500,
            23,
            0
        ],
        [
            2128,
            12487,
            542,
            181,
            134,
            7263,
            11096,
            606,
            295,
            0,
            7612,
            7696,
            577,
            270,
            459,
            11593,
            1581,
            563,
            75,
            63,
            10952,
            1833,
            565,
            75,
            0,
            2871,
            12812,
            584,
            181,
            11,
            14340,
            14390,
            521,
            0,
            0,
            8542,
            8335,
            612,
            240,
            65,
            12594,
            2279,
            608,
            173,
            0,
            13042,
            1906,
            544,
            173,
            0
        ],
        [
            2796,
            12891,
            1211,
            908,
            493,
            3704,
            8183,
            989,
            559,
            306,
            7630,
            7764,
            1076,
            1090,
            1229,
            10723,
            1516,
            825,
            450,
            409,
            10438,
            1453,
            720,
            450,
            113,
            3393,
            13321,
            776,
            481,
            11,
            14340,
            14390,
            643,
            0,
            0,
            8123,
            7372,
            776,
            722,
            520,
            12006,
            2089,
            909,
            550,
            70,
            12081,
            1367,
            759,
            550,
            18
        ],
        [
            2860,
            12831,
            1237,
            908,
            520,
            3893,
            9457,
            1115,
            729,
            306,
            7928,
            8133,
            1144,
            1272,
            1229,
            11450,
            1595,
            925,
            545,
            409,
            11806,
            2130,
            808,
            545,
            149,
            4641,
            13688,
            830,
            662,
            11,
            14340,
            14390,
            669,
            0,
            0,
            12396,
            11810,
            802,
            722,
            520,
            12350,
            2400,
            935,
            587,
            156,
            12467,
            1312,
            787,
            587,
            18
        ]
    ],
    "name": [
        "ShuhDuhFuhCup",
        "culminator",
        "Jeremy the god",
        "Snoooooopy",
        "OddlyParanoid",
        "Magnetisum",
        "Coszy5123",
        "Bl\u00edtzwank",
        "WhiteWolfM955",
        "McPoom"
    ],
    "champion_id": [
        54,
        20,
        99,
        498,
        497,
        68,
        120,
        84,
        21,
        98
    ],
    "elo": [
        1025,
        1007,
        974,
        910,
        1058,
        1032,
        977,
        1432,
        760,
        1087
    ]
}