{
    "match_id": "NA1_4247207388",
    "timeline": [
        [
            554,
            581,
            500,
            0,
            0,
            557,
            345,
            500,
            0,
            0,
            335,
            269,
            500,
            0,
            0,
            194,
            457,
            500,
            0,
            0,
            329,
            650,
            500,
            0,
            0,
            14180,
            14271,
            500,
            0,
            0,
            14176,
            14506,
            500,
            0,
            0,
            14398,
            14582,
            500,
            0,
            0,
            14539,
            14394,
            500,
            0,
            0,
            14404,
            14201,
            500,
            0,
            0
        ],
        [
            2236,
            12219,
            500,
            0,
            0,
            7086,
            4522,
            500,
            0,
            38,
            6755,
            6473,
            500,
            0,
            0,
            8260,
            3537,
            500,
            0,
            0,
            10140,
            1290,
            500,
            0,
            0,
            3593,
            13441,
            500,
            0,
            0,
            10024,
            6118,
            500,
            0,
            0,
            8641,
            6665,
            500,
            0,
            0,
            14340,
            14390,
            500,
            0,
            0,
            10070,
            6902,
            500,
            0,
            0
        ],
        [
            1332,
            11518,
            563,
            150,
            152,
            4752,
            6362,
            621,
            320,
            38,
            5982,
            6688,
            626,
            270,
            0,
            12762,
            2020,
            563,
            135,
            0,
            13072,
            1838,
            523,
            75,
            0,
            2404,
            12043,
            584,
            240,
            43,
            12183,
            6792,
            621,
            320,
            0,
            7969,
            8215,
            584,
            211,
            0,
            14340,
            14390,
            521,
            0,
            0,
            13016,
            3468,
            523,
            0,
            0
        ],
        [
            2552,
            12926,
            822,
            796,
            387,
            4911,
            9349,
            1263,
            621,
            583,
            7015,
            6669,
            832,
            755,
            395,
            13951,
            3847,
            832,
            587,
            196,
            13711,
            3854,
            797,
            526,
            268,
            12221,
            14273,
            769,
            541,
            685,
            7407,
            6706,
            928,
            728,
            113,
            7348,
            7356,
            825,
            780,
            131,
            14340,
            14390,
            643,
            0,
            0,
            13443,
            4684,
            699,
            331,
            0
        ],
        [
            2700,
            13044,
            864,
            886,
            387,
            6853,
            9384,
            1291,
            683,
            583,
            7316,
            7816,
            1180,
            817,
            786,
            13446,
            4913,
            940,
            624,
            249,
            13744,
            3858,
            928,
            564,
            268,
            8718,
            14067,
            797,
            541,
            685,
            8748,
            9124,
            956,
            783,
            195,
            7252,
            7814,
            853,
            836,
            278,
            14340,
            14390,
            671,
            0,
            0,
            13646,
            5042,
            790,
            544,
            49
        ]
    ],
    "name": [
        "AJadedx",
        "Professor Steinn",
        "MacuIIa",
        "NotHudson",
        "Kyng Garf ",
        "MuFFiiNs",
        "Eberos",
        "kelvray",
        "ifBlueIWas",
        "Archibald VI"
    ],
    "champion_id": [
        17,
        64,
        157,
        67,
        63,
        104,
        32,
        45,
        360,
        12
    ],
    "elo": [
        573,
        -1,
        1066,
        1055,
        1068,
        1066,
        1012,
        1069,
        1082,
        1037
    ]
}