{
    "match_id": "NA1_4260210191",
    "timeline": [
        [
            554,
            581,
            500,
            0,
            0,
            557,
            345,
            500,
            0,
            0,
            335,
            269,
            500,
            0,
            0,
            194,
            457,
            500,
            0,
            0,
            329,
            650,
            500,
            0,
            0,
            14180,
            14271,
            500,
            0,
            0,
            14176,
            14506,
            500,
            0,
            0,
            14398,
            14582,
            500,
            0,
            0,
            14539,
            14394,
            500,
            0,
            0,
            14404,
            14201,
            500,
            0,
            0
        ],
        [
            3613,
            9399,
            500,
            0,
            0,
            7074,
            3158,
            500,
            0,
            0,
            5890,
            6611,
            500,
            0,
            0,
            10101,
            1078,
            500,
            0,
            0,
            10705,
            1320,
            500,
            0,
            0,
            8045,
            7183,
            500,
            0,
            0,
            10593,
            5530,
            500,
            0,
            0,
            8350,
            8274,
            500,
            0,
            0,
            10163,
            5641,
            500,
            0,
            0,
            14055,
            14493,
            500,
            0,
            0
        ],
        [
            1800,
            11827,
            584,
            211,
            101,
            7295,
            5024,
            621,
            320,
            0,
            7182,
            7318,
            598,
            211,
            0,
            12110,
            2186,
            598,
            131,
            0,
            13007,
            2027,
            523,
            131,
            0,
            1990,
            12033,
            584,
            181,
            156,
            12590,
            6642,
            621,
            320,
            0,
            7702,
            7169,
            612,
            240,
            115,
            12979,
            2998,
            584,
            181,
            0,
            14055,
            14493,
            521,
            0,
            0
        ],
        [
            2654,
            12907,
            962,
            845,
            276,
            8401,
            2233,
            988,
            540,
            210,
            7470,
            7804,
            1278,
            920,
            572,
            13190,
            3137,
            881,
            564,
            333,
            13382,
            3001,
            737,
            564,
            209,
            3543,
            13312,
            769,
            572,
            412,
            7975,
            6434,
            928,
            670,
            0,
            8076,
            8270,
            839,
            662,
            450,
            13659,
            4964,
            769,
            511,
            41,
            14055,
            14493,
            643,
            0,
            0
        ],
        [
            3306,
            13122,
            1002,
            904,
            307,
            8409,
            2335,
            1079,
            669,
            210,
            6687,
            7297,
            1325,
            980,
            1143,
            13416,
            3766,
            907,
            564,
            333,
            13470,
            3951,
            805,
            564,
            209,
            3274,
            13324,
            795,
            572,
            412,
            6687,
            7247,
            954,
            728,
            319,
            6923,
            7191,
            925,
            720,
            550,
            13635,
            4725,
            795,
            571,
            41,
            14055,
            14493,
            669,
            0,
            0
        ]
    ],
    "name": [
        "poetic sunset",
        "Playboy666",
        "The Barons Balls",
        "MDNBUB",
        "Jesus Wont Feed",
        "ale62",
        "KingofAce",
        "Aerci",
        "tobegoat",
        "heezzuya"
    ],
    "champion_id": [
        58,
        27,
        517,
        21,
        267,
        24,
        2,
        157,
        360,
        99
    ],
    "elo": [
        1114,
        1121,
        1075,
        1261,
        1083,
        1151,
        1063,
        1074,
        -1,
        -1
    ]
}